Product_ID,Product_Name,Product_Category,Product_Sub_Category,Product_Rating,Number_of_product_ratings,Discounted_Price,Actual_Price
PRD-00001,MRF Mobile Accessories - Pro Series,Electronics,Mobile Accessories,4.6,3097,₹1216,₹1359
PRD-00002,MRF Mobile Accessories - Everyday Essential,Electronics,Mobile Accessories,3.9,3449,₹887,₹965
PRD-00003,MDH Mobile Accessories - Family Pack,Electronics,Mobile Accessories,4.9,2438,₹8325,₹8821
PRD-00004,Lakme Mobile Accessories - Premium Edition,Electronics,Mobile Accessories,3.0,2909,₹3873,₹5054
PRD-00005,Camlin Mobile Accessories - Heavy Duty,Electronics,Mobile Accessories,3.6,980,₹2776,₹3057
PRD-00006,Wildcraft Mobile Accessories - Value Pack,Electronics,Mobile Accessories,3.4,1272,₹11282,₹15792
PRD-00007,Prestige Mobile Accessories - Classic Fit,Electronics,Mobile Accessories,3.9,2440,₹3273,₹4389
PRD-00008,Decathlon Mobile Accessories - Multi-Color Pack,Electronics,Mobile Accessories,3.6,2617,₹7606,₹10752
PRD-00009,Bajaj Mobile Accessories - Pro Series,Electronics,Mobile Accessories,3.2,2561,₹5508,₹6734
PRD-00010,Havells Mobile Accessories - New Arrival,Electronics,Mobile Accessories,3.5,3948,₹5908,₹8725
PRD-00011,Philips Audio Devices - Combo Pack,Electronics,Audio Devices,4.1,1505,₹1206,₹1520
PRD-00012,Fastrack Audio Devices - Everyday Essential,Electronics,Audio Devices,4.8,4916,₹4125,₹6174
PRD-00013,Wildcraft Audio Devices - Family Pack,Electronics,Audio Devices,3.1,342,₹7243,₹8128
PRD-00014,Cosco Audio Devices - Everyday Essential,Electronics,Audio Devices,4.1,2067,₹13029,₹15051
PRD-00015,Kuber Industries Audio Devices - Limited Edition,Electronics,Audio Devices,3.8,2700,₹6999,₹8505
PRD-00016,Cosco Audio Devices - New Arrival,Electronics,Audio Devices,4.4,4519,₹5125,₹5757
PRD-00017,Tata Audio Devices - Heavy Duty,Electronics,Audio Devices,4.3,3104,₹4295,₹6391
PRD-00018,Wipro Audio Devices - Limited Edition,Electronics,Audio Devices,3.2,4603,₹11942,₹14650
PRD-00019,Yonex Audio Devices - Value Pack,Electronics,Audio Devices,4.2,2778,₹10906,₹14538
PRD-00020,Camlin Audio Devices - Compact Design,Electronics,Audio Devices,4.9,2695,₹4639,₹5555
PRD-00021,Kuber Industries Computer Peripherals - Classic Fit,Electronics,Computer Peripherals,3.5,4493,₹6931,₹7884
PRD-00022,Wildcraft Computer Peripherals - New Arrival,Electronics,Computer Peripherals,3.2,868,₹6102,₹6476
PRD-00023,MRF Computer Peripherals - Premium Edition,Electronics,Computer Peripherals,4.4,1683,₹7227,₹9254
PRD-00024,Hot Wheels Computer Peripherals - Pro Series,Electronics,Computer Peripherals,3.6,3162,₹6643,₹7167
PRD-00025,Parker Computer Peripherals - Combo Pack,Electronics,Computer Peripherals,4.3,2698,₹8080,₹11420
PRD-00026,Parker Computer Peripherals - Multi-Color Pack,Electronics,Computer Peripherals,4.8,1668,₹12900,₹14430
PRD-00027,Parker Computer Peripherals - Limited Edition,Electronics,Computer Peripherals,3.5,1311,₹8130,₹11993
PRD-00028,Nike Computer Peripherals - Limited Edition,Electronics,Computer Peripherals,4.0,4749,₹9453,₹9973
PRD-00029,Bosch Computer Peripherals - Premium Edition,Electronics,Computer Peripherals,4.9,3450,₹11919,₹14044
PRD-00030,Chicco Computer Peripherals - Family Pack,Electronics,Computer Peripherals,3.1,4664,₹3152,₹3803
PRD-00031,Allen Solly Smart Home Devices - Value Pack,Electronics,Smart Home Devices,3.3,3004,₹8944,₹12148
PRD-00032,Titan Smart Home Devices - Heavy Duty,Electronics,Smart Home Devices,3.8,859,₹7129,₹10851
PRD-00033,Bosch Smart Home Devices - Premium Edition,Electronics,Smart Home Devices,3.3,1712,₹6170,₹7027
PRD-00034,Classmate Smart Home Devices - Eco-Friendly,Electronics,Smart Home Devices,3.2,3260,₹4659,₹6034
PRD-00035,Titan Smart Home Devices - New Arrival,Electronics,Smart Home Devices,4.3,202,₹4104,₹4888
PRD-00036,WOW Smart Home Devices - Heavy Duty,Electronics,Smart Home Devices,4.7,1152,₹11326,₹12273
PRD-00037,Noise Smart Home Devices - Slim Design,Electronics,Smart Home Devices,4.4,1374,₹8102,₹10485
PRD-00038,Prestige Smart Home Devices - New Arrival,Electronics,Smart Home Devices,3.2,493,₹7470,₹8837
PRD-00039,Tata Smart Home Devices - Family Pack,Electronics,Smart Home Devices,4.7,1807,₹4973,₹6258
PRD-00040,Parker Smart Home Devices - Limited Edition,Electronics,Smart Home Devices,4.1,3374,₹6312,₹7115
PRD-00041,Britannia Cameras - Travel Size,Electronics,Cameras & Drones,5.0,3648,₹13080,₹14574
PRD-00042,Bajaj Cameras - Premium Edition,Electronics,Cameras & Drones,4.1,4095,₹3910,₹5922
PRD-00043,Milton Cameras - Limited Edition,Electronics,Cameras & Drones,4.7,4504,₹2714,₹3669
PRD-00044,Cosco Cameras - Eco-Friendly,Electronics,Cameras & Drones,4.7,1653,₹8123,₹11882
PRD-00045,Havells Cameras - Pro Series,Electronics,Cameras & Drones,4.2,3188,₹7594,₹10136
PRD-00046,Decathlon Cameras - Compact Design,Electronics,Cameras & Drones,3.3,4438,₹2559,₹2699
PRD-00047,Bajaj Cameras - Eco-Friendly,Electronics,Cameras & Drones,3.4,165,₹8996,₹11925
PRD-00048,Philips Cameras - Premium Edition,Electronics,Cameras & Drones,4.5,1223,₹4255,₹4992
PRD-00049,Titan Cameras - Premium Edition,Electronics,Cameras & Drones,3.7,3451,₹10533,₹11426
PRD-00050,WOW Cameras - Value Pack,Electronics,Cameras & Drones,3.8,2490,₹1442,₹2192
PRD-00051,Havells Kitchen - Heavy Duty,Appliances,Kitchen & Home Appliances,4.3,964,₹14709,₹17408
PRD-00052,Tata Kitchen - Classic Fit,Appliances,Kitchen & Home Appliances,4.1,3125,₹7038,₹8795
PRD-00053,Titan Kitchen - Multi-Color Pack,Appliances,Kitchen & Home Appliances,4.8,1065,₹12870,₹19388
PRD-00054,Cosco Kitchen - Slim Design,Appliances,Kitchen & Home Appliances,4.9,1144,₹726,₹1100
PRD-00055,Lakme Kitchen - Travel Size,Appliances,Kitchen & Home Appliances,3.3,1821,₹15702,₹18367
PRD-00056,LuvLap Kitchen - Eco-Friendly,Appliances,Kitchen & Home Appliances,3.1,4726,₹917,₹1368
PRD-00057,Chicco Kitchen - New Arrival,Appliances,Kitchen & Home Appliances,3.5,2542,₹10017,₹11892
PRD-00058,Bajaj Kitchen - Everyday Essential,Appliances,Kitchen & Home Appliances,3.3,4346,₹1100,₹1583
PRD-00059,MRF Kitchen - Slim Design,Appliances,Kitchen & Home Appliances,4.6,2460,₹4667,₹6600
PRD-00060,Nike Kitchen - Multi-Color Pack,Appliances,Kitchen & Home Appliances,4.3,4120,₹21632,₹22808
PRD-00061,Kuber Industries Personal Care Appliances - Family Pack,Appliances,Personal Care Appliances,3.1,1171,₹6194,₹7454
PRD-00062,Parker Personal Care Appliances - Combo Pack,Appliances,Personal Care Appliances,4.3,4151,₹11392,₹13920
PRD-00063,Decathlon Personal Care Appliances - Everyday Essential,Appliances,Personal Care Appliances,4.7,1720,₹11638,₹17757
PRD-00064,Noise Personal Care Appliances - New Arrival,Appliances,Personal Care Appliances,4.0,3129,₹14715,₹16137
PRD-00065,Boat Personal Care Appliances - Travel Size,Appliances,Personal Care Appliances,3.4,4147,₹15689,₹22498
PRD-00066,Britannia Personal Care Appliances - Travel Size,Appliances,Personal Care Appliances,5.0,640,₹5768,₹7878
PRD-00067,Funskool Personal Care Appliances - Compact Design,Appliances,Personal Care Appliances,3.9,1374,₹18213,₹21935
PRD-00068,Bosch Personal Care Appliances - Everyday Essential,Appliances,Personal Care Appliances,3.9,1936,₹8430,₹9107
PRD-00069,Kuber Industries Personal Care Appliances - Everyday Essential,Appliances,Personal Care Appliances,3.5,564,₹14462,₹17695
PRD-00070,Decathlon Personal Care Appliances - Family Pack,Appliances,Personal Care Appliances,4.9,4075,₹21292,₹24587
PRD-00071,Boat Large Appliances - Eco-Friendly,Appliances,Large Appliances,3.5,1684,₹19932,₹24187
PRD-00072,Bosch Large Appliances - Eco-Friendly,Appliances,Large Appliances,3.2,3123,₹16886,₹19927
PRD-00073,Funskool Large Appliances - Value Pack,Appliances,Large Appliances,3.9,2270,₹10377,₹14044
PRD-00074,Classmate Large Appliances - Classic Fit,Appliances,Large Appliances,3.8,2854,₹20171,₹24604
PRD-00075,LuvLap Large Appliances - Everyday Essential,Appliances,Large Appliances,4.0,1020,₹16138,₹24088
PRD-00076,Boat Large Appliances - Slim Design,Appliances,Large Appliances,4.9,4597,₹4139,₹5410
PRD-00077,Parker Large Appliances - Heavy Duty,Appliances,Large Appliances,3.8,2432,₹1282,₹1650
PRD-00078,Tata Large Appliances - Premium Edition,Appliances,Large Appliances,4.9,3918,₹4600,₹5851
PRD-00079,Hot Wheels Large Appliances - Slim Design,Appliances,Large Appliances,3.0,2551,₹19581,₹21290
PRD-00080,Britannia Large Appliances - Travel Size,Appliances,Large Appliances,3.0,422,₹16668,₹23931
PRD-00081,Wipro Climate Control - Pro Series,Appliances,Climate Control,4.3,417,₹13343,₹18008
PRD-00082,MDH Climate Control - Limited Edition,Appliances,Climate Control,3.4,2509,₹21069,₹24347
PRD-00083,Cosco Climate Control - Compact Design,Appliances,Climate Control,3.3,2148,₹12306,₹16847
PRD-00084,Cosco Climate Control - Travel Size,Appliances,Climate Control,3.5,3771,₹6373,₹8156
PRD-00085,Nike Climate Control - Travel Size,Appliances,Climate Control,3.8,3957,₹13486,₹15351
PRD-00086,Mamaearth Climate Control - Limited Edition,Appliances,Climate Control,3.2,400,₹15964,₹18548
PRD-00087,Nivea Climate Control - Multi-Color Pack,Appliances,Climate Control,4.9,4951,₹4406,₹5159
PRD-00088,American Tourister Climate Control - Classic Fit,Appliances,Climate Control,4.1,3641,₹18807,₹24449
PRD-00089,Yonex Climate Control - Limited Edition,Appliances,Climate Control,4.0,2987,₹1717,₹1861
PRD-00090,Puma Climate Control - New Arrival,Appliances,Climate Control,4.8,4335,₹4519,₹5528
PRD-00091,Fabindia Cleaning Appliances - Combo Pack,Appliances,Cleaning Appliances,4.5,2544,₹5120,₹5645
PRD-00092,Titan Cleaning Appliances - Slim Design,Appliances,Cleaning Appliances,4.4,2998,₹11367,₹12292
PRD-00093,Camlin Cleaning Appliances - Everyday Essential,Appliances,Cleaning Appliances,3.5,3724,₹14903,₹18723
PRD-00094,Kuber Industries Cleaning Appliances - Eco-Friendly,Appliances,Cleaning Appliances,4.8,1329,₹8341,₹9490
PRD-00095,Philips Cleaning Appliances - Pro Series,Appliances,Cleaning Appliances,4.0,2928,₹2905,₹3940
PRD-00096,MRF Cleaning Appliances - Heavy Duty,Appliances,Cleaning Appliances,3.9,4273,₹19707,₹23160
PRD-00097,Nike Cleaning Appliances - Combo Pack,Appliances,Cleaning Appliances,4.5,460,₹7967,₹10234
PRD-00098,MRF Cleaning Appliances - Premium Edition,Appliances,Cleaning Appliances,4.9,1219,₹5679,₹7329
PRD-00099,Decathlon Cleaning Appliances - Family Pack,Appliances,Cleaning Appliances,4.9,3632,₹15990,₹18111
PRD-00100,Chicco Cleaning Appliances - Slim Design,Appliances,Cleaning Appliances,3.1,3289,₹2261,₹2651
PRD-00101,Fabindia Men's Clothing - Multi-Color Pack,Fashion,Men's Clothing,4.4,3517,₹1355,₹1551
PRD-00102,Fastrack Men's Clothing - New Arrival,Fashion,Men's Clothing,3.6,3589,₹1376,₹1555
PRD-00103,Prestige Men's Clothing - Travel Size,Fashion,Men's Clothing,4.9,362,₹2871,₹3317
PRD-00104,Allen Solly Men's Clothing - Family Pack,Fashion,Men's Clothing,3.3,4190,₹820,₹966
PRD-00105,Havells Men's Clothing - Everyday Essential,Fashion,Men's Clothing,3.2,4141,₹2856,₹3686
PRD-00106,MDH Men's Clothing - Heavy Duty,Fashion,Men's Clothing,3.6,2513,₹2677,₹2848
PRD-00107,Parker Men's Clothing - Slim Design,Fashion,Men's Clothing,4.6,260,₹2202,₹3255
PRD-00108,Boat Men's Clothing - New Arrival,Fashion,Men's Clothing,4.9,4977,₹1849,₹2243
PRD-00109,Boat Men's Clothing - Travel Size,Fashion,Men's Clothing,4.6,228,₹1099,₹1314
PRD-00110,Fabindia Men's Clothing - Classic Fit,Fashion,Men's Clothing,4.9,4789,₹3052,₹3652
PRD-00111,Nike Women's Clothing - Premium Edition,Fashion,Women's Clothing,3.3,409,₹1814,₹1932
PRD-00112,Noise Women's Clothing - Multi-Color Pack,Fashion,Women's Clothing,4.5,1465,₹1815,₹2299
PRD-00113,Yonex Women's Clothing - Classic Fit,Fashion,Women's Clothing,4.7,2053,₹2622,₹3935
PRD-00114,Nike Women's Clothing - Pro Series,Fashion,Women's Clothing,4.5,2086,₹1213,₹1768
PRD-00115,Parker Women's Clothing - New Arrival,Fashion,Women's Clothing,4.0,4538,₹3246,₹3442
PRD-00116,Prestige Women's Clothing - Heavy Duty,Fashion,Women's Clothing,4.1,393,₹2552,₹3676
PRD-00117,Funskool Women's Clothing - Value Pack,Fashion,Women's Clothing,3.3,3379,₹879,₹1061
PRD-00118,Yonex Women's Clothing - New Arrival,Fashion,Women's Clothing,4.4,4535,₹1184,₹1551
PRD-00119,MRF Women's Clothing - Eco-Friendly,Fashion,Women's Clothing,4.2,1363,₹696,₹1062
PRD-00120,Camlin Women's Clothing - Compact Design,Fashion,Women's Clothing,4.1,1363,₹545,₹745
PRD-00121,Funskool Footwear - Travel Size,Fashion,Footwear,4.9,142,₹2402,₹3476
PRD-00122,Titan Footwear - Everyday Essential,Fashion,Footwear,3.9,2598,₹2731,₹3131
PRD-00123,Noise Footwear - Classic Fit,Fashion,Footwear,4.3,3828,₹1508,₹1772
PRD-00124,Fabindia Footwear - Compact Design,Fashion,Footwear,3.3,3450,₹2239,₹2457
PRD-00125,American Tourister Footwear - Family Pack,Fashion,Footwear,3.7,3271,₹1072,₹1198
PRD-00126,Chicco Footwear - Compact Design,Fashion,Footwear,3.3,3127,₹723,₹965
PRD-00127,Nivea Footwear - Classic Fit,Fashion,Footwear,3.7,528,₹1123,₹1327
PRD-00128,Classmate Footwear - Value Pack,Fashion,Footwear,3.7,2301,₹2635,₹2892
PRD-00129,WOW Footwear - New Arrival,Fashion,Footwear,4.8,3649,₹947,₹1378
PRD-00130,Titan Footwear - Everyday Essential,Fashion,Footwear,4.5,1281,₹2230,₹3150
PRD-00131,Wildcraft Watches - New Arrival,Fashion,Watches & Accessories,3.5,4128,₹630,₹937
PRD-00132,Yonex Watches - Value Pack,Fashion,Watches & Accessories,3.1,4983,₹2631,₹3586
PRD-00133,Wipro Watches - Compact Design,Fashion,Watches & Accessories,4.5,1536,₹1355,₹1945
PRD-00134,Fastrack Watches - Everyday Essential,Fashion,Watches & Accessories,3.5,4585,₹2490,₹3152
PRD-00135,Parker Watches - Everyday Essential,Fashion,Watches & Accessories,3.4,130,₹1161,₹1361
PRD-00136,Decathlon Watches - Premium Edition,Fashion,Watches & Accessories,4.4,71,₹3006,₹3895
PRD-00137,Fastrack Watches - New Arrival,Fashion,Watches & Accessories,4.2,4012,₹2030,₹2574
PRD-00138,Nivea Watches - Everyday Essential,Fashion,Watches & Accessories,4.8,1766,₹2351,₹2771
PRD-00139,Noise Watches - Classic Fit,Fashion,Watches & Accessories,3.2,1738,₹3292,₹3747
PRD-00140,Noise Watches - Travel Size,Fashion,Watches & Accessories,3.4,2402,₹2678,₹2970
PRD-00141,LuvLap Bags - Family Pack,Fashion,Bags & Luggage,3.1,2595,₹2209,₹3169
PRD-00142,Pidilite Bags - Classic Fit,Fashion,Bags & Luggage,4.8,472,₹1883,₹2894
PRD-00143,Parker Bags - Heavy Duty,Fashion,Bags & Luggage,5.0,2556,₹286,₹302
PRD-00144,Michelin Bags - Compact Design,Fashion,Bags & Luggage,4.1,1146,₹1959,₹2920
PRD-00145,Philips Bags - Compact Design,Fashion,Bags & Luggage,3.5,4659,₹815,₹1022
PRD-00146,Kuber Industries Bags - Everyday Essential,Fashion,Bags & Luggage,4.2,4239,₹821,₹952
PRD-00147,MDH Bags - Slim Design,Fashion,Bags & Luggage,3.7,2044,₹1794,₹2325
PRD-00148,Cello Bags - Classic Fit,Fashion,Bags & Luggage,3.4,3718,₹1759,₹2241
PRD-00149,Mamaearth Bags - Premium Edition,Fashion,Bags & Luggage,4.5,1999,₹1223,₹1641
PRD-00150,Wildcraft Bags - Family Pack,Fashion,Bags & Luggage,3.7,1609,₹3239,₹3920
PRD-00151,Puma Furniture - Classic Fit,Home & Furniture,Furniture,3.4,1575,₹5917,₹9066
PRD-00152,Kuber Industries Furniture - Family Pack,Home & Furniture,Furniture,4.7,3855,₹3025,₹3890
PRD-00153,Bosch Furniture - Value Pack,Home & Furniture,Furniture,4.3,2626,₹11306,₹16023
PRD-00154,Philips Furniture - Limited Edition,Home & Furniture,Furniture,4.4,1868,₹11261,₹14559
PRD-00155,MRF Furniture - Family Pack,Home & Furniture,Furniture,3.6,4675,₹6036,₹7442
PRD-00156,Wildcraft Furniture - Premium Edition,Home & Furniture,Furniture,3.8,4038,₹16526,₹19595
PRD-00157,Puma Furniture - Classic Fit,Home & Furniture,Furniture,4.1,202,₹3689,₹4186
PRD-00158,Noise Furniture - Compact Design,Home & Furniture,Furniture,3.3,2040,₹15363,₹18085
PRD-00159,Funskool Furniture - Travel Size,Home & Furniture,Furniture,3.3,1125,₹1013,₹1421
PRD-00160,Bosch Furniture - Heavy Duty,Home & Furniture,Furniture,3.4,1862,₹16175,₹17833
PRD-00161,Cello Home Decor - Classic Fit,Home & Furniture,Home Decor,3.2,4915,₹10452,₹14445
PRD-00162,MDH Home Decor - Slim Design,Home & Furniture,Home Decor,4.0,3724,₹5272,₹6858
PRD-00163,Boat Home Decor - Slim Design,Home & Furniture,Home Decor,4.5,99,₹12311,₹14881
PRD-00164,MDH Home Decor - Pro Series,Home & Furniture,Home Decor,3.7,4111,₹1129,₹1292
PRD-00165,Cello Home Decor - Family Pack,Home & Furniture,Home Decor,3.8,350,₹9953,₹11288
PRD-00166,Allen Solly Home Decor - Everyday Essential,Home & Furniture,Home Decor,3.2,1644,₹9881,₹10879
PRD-00167,Allen Solly Home Decor - Multi-Color Pack,Home & Furniture,Home Decor,4.6,3881,₹3338,₹4950
PRD-00168,Havells Home Decor - New Arrival,Home & Furniture,Home Decor,3.1,4151,₹7785,₹9294
PRD-00169,Hot Wheels Home Decor - Value Pack,Home & Furniture,Home Decor,4.8,1797,₹8414,₹12058
PRD-00170,Bosch Home Decor - Classic Fit,Home & Furniture,Home Decor,3.2,2877,₹2734,₹3916
PRD-00171,Kuber Industries Bedding - New Arrival,Home & Furniture,Bedding & Linen,4.2,3507,₹4550,₹5161
PRD-00172,Milton Bedding - Classic Fit,Home & Furniture,Bedding & Linen,3.7,579,₹6597,₹6955
PRD-00173,Decathlon Bedding - Everyday Essential,Home & Furniture,Bedding & Linen,3.9,479,₹7278,₹10813
PRD-00174,Patanjali Bedding - Heavy Duty,Home & Furniture,Bedding & Linen,3.1,4863,₹3172,₹4099
PRD-00175,Cosco Bedding - Limited Edition,Home & Furniture,Bedding & Linen,3.1,4385,₹2240,₹2489
PRD-00176,WOW Bedding - Everyday Essential,Home & Furniture,Bedding & Linen,4.0,4949,₹9654,₹10894
PRD-00177,Mamaearth Bedding - Limited Edition,Home & Furniture,Bedding & Linen,4.7,1729,₹13754,₹17571
PRD-00178,Pidilite Bedding - Premium Edition,Home & Furniture,Bedding & Linen,3.8,2487,₹8984,₹10483
PRD-00179,Nivea Bedding - Value Pack,Home & Furniture,Bedding & Linen,4.2,1505,₹2086,₹2578
PRD-00180,Funskool Bedding - Family Pack,Home & Furniture,Bedding & Linen,4.4,3062,₹16329,₹18948
PRD-00181,Bajaj Storage - Eco-Friendly,Home & Furniture,Storage & Organization,4.1,4931,₹4755,₹5731
PRD-00182,Philips Storage - Premium Edition,Home & Furniture,Storage & Organization,3.7,1486,₹8554,₹12841
PRD-00183,Nivea Storage - Value Pack,Home & Furniture,Storage & Organization,4.7,3467,₹9792,₹14921
PRD-00184,Hot Wheels Storage - Family Pack,Home & Furniture,Storage & Organization,3.5,2495,₹13897,₹17715
PRD-00185,Havells Storage - Eco-Friendly,Home & Furniture,Storage & Organization,4.3,3059,₹3405,₹3799
PRD-00186,Havells Storage - Combo Pack,Home & Furniture,Storage & Organization,4.4,3196,₹7427,₹8469
PRD-00187,American Tourister Storage - Pro Series,Home & Furniture,Storage & Organization,3.8,827,₹8037,₹8855
PRD-00188,Fastrack Storage - Travel Size,Home & Furniture,Storage & Organization,3.4,4247,₹4551,₹4924
PRD-00189,Nivea Storage - Pro Series,Home & Furniture,Storage & Organization,4.8,3599,₹14981,₹18191
PRD-00190,Bajaj Storage - Compact Design,Home & Furniture,Storage & Organization,4.7,809,₹4759,₹5065
PRD-00191,Michelin Lighting - Value Pack,Home & Furniture,Lighting,3.6,3582,₹11215,₹13691
PRD-00192,WOW Lighting - Multi-Color Pack,Home & Furniture,Lighting,4.0,4228,₹9224,₹13379
PRD-00193,Chicco Lighting - Premium Edition,Home & Furniture,Lighting,4.5,4038,₹2934,₹3685
PRD-00194,Decathlon Lighting - Travel Size,Home & Furniture,Lighting,5.0,446,₹12720,₹18184
PRD-00195,Hot Wheels Lighting - Slim Design,Home & Furniture,Lighting,4.8,3929,₹8967,₹9495
PRD-00196,MDH Lighting - Limited Edition,Home & Furniture,Lighting,4.0,4688,₹6364,₹7683
PRD-00197,Yonex Lighting - Classic Fit,Home & Furniture,Lighting,3.5,650,₹7754,₹8540
PRD-00198,Camlin Lighting - Family Pack,Home & Furniture,Lighting,3.4,1713,₹10926,₹14559
PRD-00199,Titan Lighting - Everyday Essential,Home & Furniture,Lighting,4.0,4230,₹2945,₹3527
PRD-00200,Kuber Industries Lighting - Compact Design,Home & Furniture,Lighting,3.1,3855,₹8663,₹12054
PRD-00201,Pidilite Skincare - Heavy Duty,Beauty & Personal Care,Skincare,4.2,1338,₹942,₹1285
PRD-00202,Patanjali Skincare - Travel Size,Beauty & Personal Care,Skincare,4.0,1790,₹824,₹906
PRD-00203,MDH Skincare - New Arrival,Beauty & Personal Care,Skincare,4.7,4465,₹1333,₹1911
PRD-00204,Patanjali Skincare - Limited Edition,Beauty & Personal Care,Skincare,3.7,2348,₹243,₹302
PRD-00205,Titan Skincare - Premium Edition,Beauty & Personal Care,Skincare,4.2,4125,₹1025,₹1389
PRD-00206,MRF Skincare - Compact Design,Beauty & Personal Care,Skincare,3.0,1463,₹258,₹279
PRD-00207,Funskool Skincare - Eco-Friendly,Beauty & Personal Care,Skincare,4.6,3009,₹2114,₹2471
PRD-00208,Titan Skincare - Everyday Essential,Beauty & Personal Care,Skincare,4.1,220,₹1492,₹1669
PRD-00209,Nivea Skincare - Family Pack,Beauty & Personal Care,Skincare,4.3,3731,₹1391,₹1899
PRD-00210,Classmate Skincare - Limited Edition,Beauty & Personal Care,Skincare,4.4,4811,₹1604,₹1710
PRD-00211,Titan Haircare - Travel Size,Beauty & Personal Care,Haircare,4.8,3858,₹1532,₹1966
PRD-00212,Wildcraft Haircare - Classic Fit,Beauty & Personal Care,Haircare,3.2,831,₹254,₹285
PRD-00213,Yonex Haircare - Slim Design,Beauty & Personal Care,Haircare,3.9,1471,₹1062,₹1138
PRD-00214,MRF Haircare - Premium Edition,Beauty & Personal Care,Haircare,4.1,135,₹1118,₹1331
PRD-00215,Bosch Haircare - Heavy Duty,Beauty & Personal Care,Haircare,4.1,3964,₹274,₹331
PRD-00216,Philips Haircare - Slim Design,Beauty & Personal Care,Haircare,4.0,497,₹778,₹1069
PRD-00217,Bajaj Haircare - Travel Size,Beauty & Personal Care,Haircare,3.0,4859,₹611,₹887
PRD-00218,Nike Haircare - Slim Design,Beauty & Personal Care,Haircare,4.6,818,₹966,₹1446
PRD-00219,Hot Wheels Haircare - Value Pack,Beauty & Personal Care,Haircare,4.0,4797,₹1808,₹2181
PRD-00220,American Tourister Haircare - Family Pack,Beauty & Personal Care,Haircare,4.5,925,₹1257,₹1920
PRD-00221,MRF Makeup - Pro Series,Beauty & Personal Care,Makeup,3.0,3505,₹392,₹537
PRD-00222,Puma Makeup - Family Pack,Beauty & Personal Care,Makeup,3.5,436,₹1878,₹2182
PRD-00223,Kuber Industries Makeup - Classic Fit,Beauty & Personal Care,Makeup,3.8,968,₹1764,₹2147
PRD-00224,Allen Solly Makeup - Heavy Duty,Beauty & Personal Care,Makeup,3.5,4810,₹1556,₹2190
PRD-00225,MRF Makeup - Family Pack,Beauty & Personal Care,Makeup,4.8,4872,₹1134,₹1474
PRD-00226,Havells Makeup - Pro Series,Beauty & Personal Care,Makeup,4.0,3406,₹1137,₹1482
PRD-00227,Patanjali Makeup - Limited Edition,Beauty & Personal Care,Makeup,4.9,3850,₹2266,₹2414
PRD-00228,Boat Makeup - Classic Fit,Beauty & Personal Care,Makeup,4.8,3175,₹133,₹202
PRD-00229,Mamaearth Makeup - Everyday Essential,Beauty & Personal Care,Makeup,3.8,2742,₹1728,₹1925
PRD-00230,Fastrack Makeup - Value Pack,Beauty & Personal Care,Makeup,3.9,4881,₹1642,₹2412
PRD-00231,Decathlon Fragrances - Limited Edition,Beauty & Personal Care,Fragrances,3.2,1645,₹564,₹728
PRD-00232,Prestige Fragrances - Heavy Duty,Beauty & Personal Care,Fragrances,3.1,1360,₹916,₹1136
PRD-00233,Milton Fragrances - New Arrival,Beauty & Personal Care,Fragrances,4.5,988,₹126,₹188
PRD-00234,Wildcraft Fragrances - Eco-Friendly,Beauty & Personal Care,Fragrances,4.0,4554,₹1043,₹1423
PRD-00235,Bosch Fragrances - Multi-Color Pack,Beauty & Personal Care,Fragrances,3.2,4693,₹1385,₹1860
PRD-00236,Pidilite Fragrances - Slim Design,Beauty & Personal Care,Fragrances,4.8,1596,₹1924,₹2420
PRD-00237,Pidilite Fragrances - Combo Pack,Beauty & Personal Care,Fragrances,3.5,1290,₹1744,₹2236
PRD-00238,Cosco Fragrances - Compact Design,Beauty & Personal Care,Fragrances,4.7,1709,₹1589,₹2288
PRD-00239,Nike Fragrances - Heavy Duty,Beauty & Personal Care,Fragrances,4.2,2474,₹1391,₹1865
PRD-00240,Wipro Fragrances - Classic Fit,Beauty & Personal Care,Fragrances,3.1,4526,₹485,₹705
PRD-00241,Cello Personal Hygiene - Heavy Duty,Beauty & Personal Care,Personal Hygiene,4.6,593,₹1553,₹1723
PRD-00242,Hot Wheels Personal Hygiene - Multi-Color Pack,Beauty & Personal Care,Personal Hygiene,3.2,1695,₹395,₹443
PRD-00243,Titan Personal Hygiene - Family Pack,Beauty & Personal Care,Personal Hygiene,4.6,1012,₹803,₹848
PRD-00244,Noise Personal Hygiene - Compact Design,Beauty & Personal Care,Personal Hygiene,4.7,1440,₹602,₹734
PRD-00245,Wildcraft Personal Hygiene - Value Pack,Beauty & Personal Care,Personal Hygiene,4.9,1892,₹2052,₹2233
PRD-00246,MDH Personal Hygiene - Combo Pack,Beauty & Personal Care,Personal Hygiene,4.5,890,₹791,₹879
PRD-00247,Kuber Industries Personal Hygiene - Eco-Friendly,Beauty & Personal Care,Personal Hygiene,4.7,4804,₹576,₹622
PRD-00248,Hot Wheels Personal Hygiene - Multi-Color Pack,Beauty & Personal Care,Personal Hygiene,4.5,33,₹829,₹911
PRD-00249,Fabindia Personal Hygiene - Premium Edition,Beauty & Personal Care,Personal Hygiene,3.5,3614,₹1602,₹2275
PRD-00250,Patanjali Personal Hygiene - Value Pack,Beauty & Personal Care,Personal Hygiene,3.9,43,₹576,₹886
PRD-00251,Wildcraft Fitness Equipment - Travel Size,Sports & Fitness,Fitness Equipment,3.4,3206,₹2331,₹3143
PRD-00252,Puma Fitness Equipment - Pro Series,Sports & Fitness,Fitness Equipment,4.7,3458,₹3088,₹3392
PRD-00253,Parker Fitness Equipment - Slim Design,Sports & Fitness,Fitness Equipment,4.7,4184,₹2989,₹4415
PRD-00254,Noise Fitness Equipment - Compact Design,Sports & Fitness,Fitness Equipment,4.8,3603,₹4901,₹5925
PRD-00255,Patanjali Fitness Equipment - Slim Design,Sports & Fitness,Fitness Equipment,3.7,2260,₹2531,₹3355
PRD-00256,Camlin Fitness Equipment - Family Pack,Sports & Fitness,Fitness Equipment,4.7,3385,₹4899,₹5478
PRD-00257,Havells Fitness Equipment - New Arrival,Sports & Fitness,Fitness Equipment,4.5,4449,₹939,₹1349
PRD-00258,Cosco Fitness Equipment - Multi-Color Pack,Sports & Fitness,Fitness Equipment,4.6,3229,₹3650,₹4772
PRD-00259,Funskool Fitness Equipment - Value Pack,Sports & Fitness,Fitness Equipment,3.4,1021,₹1784,₹2174
PRD-00260,WOW Fitness Equipment - Eco-Friendly,Sports & Fitness,Fitness Equipment,4.6,399,₹6035,₹6943
PRD-00261,Nike Outdoor Sports - Premium Edition,Sports & Fitness,Outdoor Sports,4.4,4438,₹3620,₹4466
PRD-00262,LuvLap Outdoor Sports - Eco-Friendly,Sports & Fitness,Outdoor Sports,4.7,4202,₹4784,₹6453
PRD-00263,Havells Outdoor Sports - Heavy Duty,Sports & Fitness,Outdoor Sports,3.3,2941,₹371,₹512
PRD-00264,Chicco Outdoor Sports - New Arrival,Sports & Fitness,Outdoor Sports,3.4,2725,₹7313,₹9082
PRD-00265,Cello Outdoor Sports - Family Pack,Sports & Fitness,Outdoor Sports,3.1,2853,₹4236,₹6346
PRD-00266,Nike Outdoor Sports - Value Pack,Sports & Fitness,Outdoor Sports,3.8,2246,₹6513,₹7031
PRD-00267,Michelin Outdoor Sports - Travel Size,Sports & Fitness,Outdoor Sports,4.6,3046,₹288,₹388
PRD-00268,Pidilite Outdoor Sports - Heavy Duty,Sports & Fitness,Outdoor Sports,3.1,3149,₹6500,₹8807
PRD-00269,MRF Outdoor Sports - New Arrival,Sports & Fitness,Outdoor Sports,4.9,3916,₹8543,₹9930
PRD-00270,Parker Outdoor Sports - Value Pack,Sports & Fitness,Outdoor Sports,4.6,2059,₹8140,₹9598
PRD-00271,Fabindia Cycling - Pro Series,Sports & Fitness,Cycling,4.6,414,₹397,₹506
PRD-00272,Prestige Cycling - New Arrival,Sports & Fitness,Cycling,3.9,2139,₹4686,₹5203
PRD-00273,Allen Solly Cycling - Slim Design,Sports & Fitness,Cycling,3.4,3643,₹1279,₹1859
PRD-00274,MDH Cycling - Slim Design,Sports & Fitness,Cycling,3.9,2340,₹1532,₹2226
PRD-00275,Fastrack Cycling - Eco-Friendly,Sports & Fitness,Cycling,3.7,316,₹5546,₹7356
PRD-00276,Prestige Cycling - Multi-Color Pack,Sports & Fitness,Cycling,3.1,357,₹6896,₹9245
PRD-00277,Wipro Cycling - Multi-Color Pack,Sports & Fitness,Cycling,3.8,2076,₹4833,₹7304
PRD-00278,Mamaearth Cycling - Classic Fit,Sports & Fitness,Cycling,4.0,1717,₹7109,₹9878
PRD-00279,Chicco Cycling - Limited Edition,Sports & Fitness,Cycling,3.8,3816,₹6458,₹6862
PRD-00280,Bajaj Cycling - New Arrival,Sports & Fitness,Cycling,4.3,4855,₹7072,₹9932
PRD-00281,Allen Solly Yoga - Compact Design,Sports & Fitness,Yoga & Wellness,4.5,2919,₹629,₹828
PRD-00282,Classmate Yoga - Family Pack,Sports & Fitness,Yoga & Wellness,4.3,530,₹5535,₹7194
PRD-00283,Puma Yoga - Combo Pack,Sports & Fitness,Yoga & Wellness,3.1,4653,₹555,₹673
PRD-00284,Puma Yoga - Family Pack,Sports & Fitness,Yoga & Wellness,4.2,4938,₹2170,₹2577
PRD-00285,Titan Yoga - Heavy Duty,Sports & Fitness,Yoga & Wellness,4.3,2051,₹7432,₹8518
PRD-00286,Kuber Industries Yoga - Family Pack,Sports & Fitness,Yoga & Wellness,4.9,3379,₹4420,₹4854
PRD-00287,LuvLap Yoga - Heavy Duty,Sports & Fitness,Yoga & Wellness,3.3,1998,₹3136,₹3380
PRD-00288,Hot Wheels Yoga - Everyday Essential,Sports & Fitness,Yoga & Wellness,3.5,2365,₹3062,₹3731
PRD-00289,Mamaearth Yoga - Multi-Color Pack,Sports & Fitness,Yoga & Wellness,3.7,2217,₹2682,₹3491
PRD-00290,Parker Yoga - New Arrival,Sports & Fitness,Yoga & Wellness,4.1,1944,₹1597,₹2041
PRD-00291,Puma Sportswear - Combo Pack,Sports & Fitness,Sportswear,4.9,2849,₹1001,₹1267
PRD-00292,Kuber Industries Sportswear - Travel Size,Sports & Fitness,Sportswear,4.9,1013,₹1105,₹1357
PRD-00293,Puma Sportswear - Multi-Color Pack,Sports & Fitness,Sportswear,4.0,130,₹4057,₹4884
PRD-00294,Patanjali Sportswear - Limited Edition,Sports & Fitness,Sportswear,4.2,3254,₹5114,₹7772
PRD-00295,Yonex Sportswear - Multi-Color Pack,Sports & Fitness,Sportswear,3.6,1974,₹6204,₹6593
PRD-00296,Havells Sportswear - Combo Pack,Sports & Fitness,Sportswear,4.3,4617,₹9084,₹9855
PRD-00297,WOW Sportswear - New Arrival,Sports & Fitness,Sportswear,4.4,4054,₹3691,₹5537
PRD-00298,Titan Sportswear - Everyday Essential,Sports & Fitness,Sportswear,4.5,991,₹2774,₹4018
PRD-00299,Havells Sportswear - Limited Edition,Sports & Fitness,Sportswear,4.2,3129,₹3512,₹5208
PRD-00300,Boat Sportswear - Limited Edition,Sports & Fitness,Sportswear,5.0,579,₹6340,₹8424
PRD-00301,Milton Fiction - Premium Edition,Books & Stationery,Fiction,4.5,3833,₹475,₹729
PRD-00302,Nike Fiction - New Arrival,Books & Stationery,Fiction,4.3,3178,₹492,₹537
PRD-00303,Philips Fiction - Eco-Friendly,Books & Stationery,Fiction,4.5,1005,₹47,₹67
PRD-00304,Yonex Fiction - Compact Design,Books & Stationery,Fiction,3.2,826,₹291,₹413
PRD-00305,Wipro Fiction - Limited Edition,Books & Stationery,Fiction,3.7,4811,₹659,₹773
PRD-00306,Wildcraft Fiction - Classic Fit,Books & Stationery,Fiction,3.9,4405,₹802,₹963
PRD-00307,Chicco Fiction - Premium Edition,Books & Stationery,Fiction,3.1,3020,₹298,₹339
PRD-00308,Puma Fiction - Everyday Essential,Books & Stationery,Fiction,4.1,2868,₹791,₹990
PRD-00309,Bajaj Fiction - Eco-Friendly,Books & Stationery,Fiction,3.7,16,₹915,₹972
PRD-00310,Boat Fiction - Combo Pack,Books & Stationery,Fiction,4.1,2835,₹273,₹352
PRD-00311,Yonex Non-Fiction - Eco-Friendly,Books & Stationery,Non-Fiction,4.9,1009,₹633,₹862
PRD-00312,Lakme Non-Fiction - Travel Size,Books & Stationery,Non-Fiction,4.3,719,₹632,₹667
PRD-00313,Wildcraft Non-Fiction - Pro Series,Books & Stationery,Non-Fiction,3.4,968,₹674,₹837
PRD-00314,Camlin Non-Fiction - Slim Design,Books & Stationery,Non-Fiction,4.2,110,₹631,₹799
PRD-00315,MDH Non-Fiction - Value Pack,Books & Stationery,Non-Fiction,5.0,2142,₹586,₹706
PRD-00316,Decathlon Non-Fiction - Value Pack,Books & Stationery,Non-Fiction,4.7,3659,₹462,₹507
PRD-00317,MDH Non-Fiction - Pro Series,Books & Stationery,Non-Fiction,4.6,1713,₹461,₹500
PRD-00318,Nike Non-Fiction - Travel Size,Books & Stationery,Non-Fiction,4.8,3981,₹680,₹966
PRD-00319,Classmate Non-Fiction - Limited Edition,Books & Stationery,Non-Fiction,3.8,1665,₹637,₹831
PRD-00320,Havells Non-Fiction - Family Pack,Books & Stationery,Non-Fiction,3.5,4150,₹601,₹768
PRD-00321,Cosco Office Supplies - Compact Design,Books & Stationery,Office Supplies,4.3,150,₹543,₹660
PRD-00322,Nivea Office Supplies - Pro Series,Books & Stationery,Office Supplies,3.3,487,₹376,₹487
PRD-00323,Patanjali Office Supplies - Premium Edition,Books & Stationery,Office Supplies,3.4,2857,₹535,₹679
PRD-00324,Wildcraft Office Supplies - Compact Design,Books & Stationery,Office Supplies,3.5,2642,₹395,₹503
PRD-00325,Nike Office Supplies - Slim Design,Books & Stationery,Office Supplies,5.0,4363,₹391,₹489
PRD-00326,Lakme Office Supplies - Combo Pack,Books & Stationery,Office Supplies,3.9,4013,₹721,₹883
PRD-00327,Fabindia Office Supplies - Travel Size,Books & Stationery,Office Supplies,3.2,1246,₹298,₹328
PRD-00328,Michelin Office Supplies - Everyday Essential,Books & Stationery,Office Supplies,3.2,4844,₹291,₹336
PRD-00329,Bosch Office Supplies - Premium Edition,Books & Stationery,Office Supplies,3.6,1919,₹646,₹724
PRD-00330,Noise Office Supplies - Limited Edition,Books & Stationery,Office Supplies,4.7,2569,₹617,₹756
PRD-00331,Camlin Notebooks - Classic Fit,Books & Stationery,Notebooks & Diaries,4.3,3066,₹565,₹824
PRD-00332,Prestige Notebooks - Eco-Friendly,Books & Stationery,Notebooks & Diaries,3.8,2666,₹827,₹886
PRD-00333,Titan Notebooks - Compact Design,Books & Stationery,Notebooks & Diaries,3.7,666,₹328,₹402
PRD-00334,MDH Notebooks - Classic Fit,Books & Stationery,Notebooks & Diaries,4.5,4411,₹678,₹893
PRD-00335,American Tourister Notebooks - Everyday Essential,Books & Stationery,Notebooks & Diaries,4.6,3088,₹406,₹494
PRD-00336,Titan Notebooks - Multi-Color Pack,Books & Stationery,Notebooks & Diaries,4.9,241,₹495,₹696
PRD-00337,Yonex Notebooks - Multi-Color Pack,Books & Stationery,Notebooks & Diaries,5.0,3948,₹610,₹675
PRD-00338,Kuber Industries Notebooks - Limited Edition,Books & Stationery,Notebooks & Diaries,4.2,4556,₹265,₹334
PRD-00339,MRF Notebooks - Premium Edition,Books & Stationery,Notebooks & Diaries,3.3,2561,₹663,₹832
PRD-00340,Puma Notebooks - Pro Series,Books & Stationery,Notebooks & Diaries,3.7,2413,₹466,₹529
PRD-00341,Lakme Art Supplies - Combo Pack,Books & Stationery,Art Supplies,3.6,1730,₹634,₹809
PRD-00342,Yonex Art Supplies - Everyday Essential,Books & Stationery,Art Supplies,3.3,410,₹167,₹244
PRD-00343,Wildcraft Art Supplies - Eco-Friendly,Books & Stationery,Art Supplies,3.4,565,₹252,₹364
PRD-00344,Michelin Art Supplies - Combo Pack,Books & Stationery,Art Supplies,4.8,138,₹398,₹477
PRD-00345,Prestige Art Supplies - Travel Size,Books & Stationery,Art Supplies,3.6,4230,₹701,₹996
PRD-00346,Britannia Art Supplies - Combo Pack,Books & Stationery,Art Supplies,4.3,1990,₹166,₹254
PRD-00347,Decathlon Art Supplies - Slim Design,Books & Stationery,Art Supplies,4.2,1138,₹744,₹870
PRD-00348,American Tourister Art Supplies - Eco-Friendly,Books & Stationery,Art Supplies,4.0,1965,₹256,₹286
PRD-00349,Noise Art Supplies - Limited Edition,Books & Stationery,Art Supplies,3.1,968,₹588,₹701
PRD-00350,Decathlon Art Supplies - New Arrival,Books & Stationery,Art Supplies,4.6,4228,₹581,₹628
PRD-00351,Chicco Toys - Multi-Color Pack,Toys & Baby,Toys & Games,4.8,3041,₹2624,₹3923
PRD-00352,Noise Toys - Slim Design,Toys & Baby,Toys & Games,4.3,1958,₹3314,₹4337
PRD-00353,Cello Toys - Limited Edition,Toys & Baby,Toys & Games,4.5,1955,₹3971,₹4936
PRD-00354,Wildcraft Toys - Limited Edition,Toys & Baby,Toys & Games,3.1,1184,₹2093,₹2329
PRD-00355,Wipro Toys - Multi-Color Pack,Toys & Baby,Toys & Games,5.0,2153,₹643,₹807
PRD-00356,MRF Toys - Multi-Color Pack,Toys & Baby,Toys & Games,4.3,4522,₹914,₹1018
PRD-00357,MRF Toys - Combo Pack,Toys & Baby,Toys & Games,3.9,2049,₹1167,₹1707
PRD-00358,Britannia Toys - Travel Size,Toys & Baby,Toys & Games,3.4,2650,₹1883,₹2338
PRD-00359,Boat Toys - Value Pack,Toys & Baby,Toys & Games,3.8,4842,₹4258,₹4680
PRD-00360,Wildcraft Toys - Classic Fit,Toys & Baby,Toys & Games,3.0,246,₹973,₹1099
PRD-00361,Lakme Baby Care - Classic Fit,Toys & Baby,Baby Care,3.1,469,₹2404,₹2584
PRD-00362,Britannia Baby Care - Premium Edition,Toys & Baby,Baby Care,4.0,4283,₹3776,₹4994
PRD-00363,Classmate Baby Care - Value Pack,Toys & Baby,Baby Care,4.5,4844,₹634,₹744
PRD-00364,Britannia Baby Care - Limited Edition,Toys & Baby,Baby Care,3.9,2449,₹3329,₹4003
PRD-00365,Titan Baby Care - Family Pack,Toys & Baby,Baby Care,4.6,3636,₹394,₹591
PRD-00366,Hot Wheels Baby Care - Premium Edition,Toys & Baby,Baby Care,4.8,793,₹412,₹440
PRD-00367,Parker Baby Care - Heavy Duty,Toys & Baby,Baby Care,3.9,83,₹2542,₹3048
PRD-00368,Titan Baby Care - Multi-Color Pack,Toys & Baby,Baby Care,3.3,2153,₹3277,₹4125
PRD-00369,Havells Baby Care - Slim Design,Toys & Baby,Baby Care,4.4,3511,₹3208,₹3470
PRD-00370,Cosco Baby Care - Compact Design,Toys & Baby,Baby Care,4.0,4332,₹2733,₹2910
PRD-00371,LuvLap Baby Gear - Value Pack,Toys & Baby,Baby Gear,4.9,2551,₹1233,₹1873
PRD-00372,Parker Baby Gear - Compact Design,Toys & Baby,Baby Gear,4.1,2042,₹3107,₹3761
PRD-00373,Chicco Baby Gear - Family Pack,Toys & Baby,Baby Gear,4.0,1251,₹1639,₹1772
PRD-00374,Havells Baby Gear - Family Pack,Toys & Baby,Baby Gear,3.4,3637,₹2151,₹2575
PRD-00375,MDH Baby Gear - Value Pack,Toys & Baby,Baby Gear,4.9,4219,₹1683,₹1812
PRD-00376,Cello Baby Gear - Classic Fit,Toys & Baby,Baby Gear,5.0,2426,₹3402,₹3946
PRD-00377,Nike Baby Gear - Classic Fit,Toys & Baby,Baby Gear,4.3,527,₹2954,₹4182
PRD-00378,Cello Baby Gear - New Arrival,Toys & Baby,Baby Gear,3.4,4588,₹1691,₹2519
PRD-00379,Puma Baby Gear - Multi-Color Pack,Toys & Baby,Baby Gear,3.5,3248,₹2598,₹3896
PRD-00380,Chicco Baby Gear - Compact Design,Toys & Baby,Baby Gear,5.0,1572,₹836,₹884
PRD-00381,Funskool Educational Toys - Travel Size,Toys & Baby,Educational Toys,4.8,2201,₹164,₹237
PRD-00382,Nike Educational Toys - Value Pack,Toys & Baby,Educational Toys,4.5,651,₹1908,₹2907
PRD-00383,Yonex Educational Toys - Multi-Color Pack,Toys & Baby,Educational Toys,4.1,4335,₹1755,₹1958
PRD-00384,Decathlon Educational Toys - Eco-Friendly,Toys & Baby,Educational Toys,3.2,4313,₹2975,₹4067
PRD-00385,Wildcraft Educational Toys - Pro Series,Toys & Baby,Educational Toys,4.0,4188,₹317,₹481
PRD-00386,Nike Educational Toys - Eco-Friendly,Toys & Baby,Educational Toys,4.5,519,₹2856,₹3953
PRD-00387,Nivea Educational Toys - Travel Size,Toys & Baby,Educational Toys,4.2,1309,₹2451,₹2659
PRD-00388,Bosch Educational Toys - New Arrival,Toys & Baby,Educational Toys,4.6,1289,₹438,₹560
PRD-00389,Prestige Educational Toys - Premium Edition,Toys & Baby,Educational Toys,3.4,3086,₹1458,₹2054
PRD-00390,Lakme Educational Toys - Value Pack,Toys & Baby,Educational Toys,3.8,2552,₹833,₹1121
PRD-00391,MDH Outdoor Play - Eco-Friendly,Toys & Baby,Outdoor Play,3.1,2261,₹1789,₹2480
PRD-00392,Puma Outdoor Play - Value Pack,Toys & Baby,Outdoor Play,4.4,3988,₹2664,₹3688
PRD-00393,LuvLap Outdoor Play - Travel Size,Toys & Baby,Outdoor Play,3.2,1409,₹3272,₹4094
PRD-00394,Philips Outdoor Play - Pro Series,Toys & Baby,Outdoor Play,4.2,1833,₹1455,₹2128
PRD-00395,Michelin Outdoor Play - Classic Fit,Toys & Baby,Outdoor Play,3.1,4288,₹1991,₹2222
PRD-00396,Mamaearth Outdoor Play - Premium Edition,Toys & Baby,Outdoor Play,4.0,3591,₹2330,₹3389
PRD-00397,Cosco Outdoor Play - Classic Fit,Toys & Baby,Outdoor Play,4.4,3964,₹4085,₹4630
PRD-00398,Cosco Outdoor Play - Combo Pack,Toys & Baby,Outdoor Play,3.0,2967,₹609,₹792
PRD-00399,Nivea Outdoor Play - Eco-Friendly,Toys & Baby,Outdoor Play,4.6,2979,₹732,₹862
PRD-00400,MDH Outdoor Play - Compact Design,Toys & Baby,Outdoor Play,3.2,1211,₹527,₹630
PRD-00401,Tata Snacks - Combo Pack,Grocery & Gourmet,Snacks & Beverages,4.2,2815,₹776,₹879
PRD-00402,Fabindia Snacks - Limited Edition,Grocery & Gourmet,Snacks & Beverages,3.3,4298,₹918,₹1068
PRD-00403,Philips Snacks - Pro Series,Grocery & Gourmet,Snacks & Beverages,3.8,2130,₹1023,₹1119
PRD-00404,Fabindia Snacks - Travel Size,Grocery & Gourmet,Snacks & Beverages,3.4,504,₹123,₹185
PRD-00405,Cello Snacks - Combo Pack,Grocery & Gourmet,Snacks & Beverages,4.2,2762,₹755,₹1021
PRD-00406,Titan Snacks - Heavy Duty,Grocery & Gourmet,Snacks & Beverages,3.5,4681,₹408,₹611
PRD-00407,Hot Wheels Snacks - Classic Fit,Grocery & Gourmet,Snacks & Beverages,4.9,2408,₹79,₹97
PRD-00408,Noise Snacks - Everyday Essential,Grocery & Gourmet,Snacks & Beverages,4.8,2983,₹1245,₹1332
PRD-00409,Kuber Industries Snacks - Family Pack,Grocery & Gourmet,Snacks & Beverages,3.1,690,₹1312,₹1385
PRD-00410,LuvLap Snacks - Pro Series,Grocery & Gourmet,Snacks & Beverages,3.1,880,₹684,₹1033
PRD-00411,Funskool Cooking Essentials - Eco-Friendly,Grocery & Gourmet,Cooking Essentials,3.6,274,₹1120,₹1292
PRD-00412,Cello Cooking Essentials - Eco-Friendly,Grocery & Gourmet,Cooking Essentials,3.3,1724,₹219,₹253
PRD-00413,Mamaearth Cooking Essentials - Combo Pack,Grocery & Gourmet,Cooking Essentials,3.7,694,₹232,₹298
PRD-00414,Tata Cooking Essentials - Heavy Duty,Grocery & Gourmet,Cooking Essentials,3.0,1176,₹776,₹1142
PRD-00415,Cosco Cooking Essentials - New Arrival,Grocery & Gourmet,Cooking Essentials,3.1,2544,₹663,₹992
PRD-00416,Puma Cooking Essentials - Limited Edition,Grocery & Gourmet,Cooking Essentials,3.5,3675,₹139,₹213
PRD-00417,Classmate Cooking Essentials - Classic Fit,Grocery & Gourmet,Cooking Essentials,3.6,4953,₹875,₹1032
PRD-00418,Allen Solly Cooking Essentials - Limited Edition,Grocery & Gourmet,Cooking Essentials,3.3,899,₹451,₹493
PRD-00419,Wipro Cooking Essentials - Eco-Friendly,Grocery & Gourmet,Cooking Essentials,5.0,577,₹836,₹1063
PRD-00420,Patanjali Cooking Essentials - Multi-Color Pack,Grocery & Gourmet,Cooking Essentials,4.6,4277,₹788,₹1002
PRD-00421,Titan Health Foods - Combo Pack,Grocery & Gourmet,Health Foods,4.7,4953,₹894,₹1014
PRD-00422,Boat Health Foods - Combo Pack,Grocery & Gourmet,Health Foods,4.3,102,₹48,₹70
PRD-00423,American Tourister Health Foods - Compact Design,Grocery & Gourmet,Health Foods,3.6,4671,₹496,₹685
PRD-00424,Cello Health Foods - Compact Design,Grocery & Gourmet,Health Foods,3.4,2329,₹207,₹291
PRD-00425,Mamaearth Health Foods - Everyday Essential,Grocery & Gourmet,Health Foods,4.5,2796,₹311,₹431
PRD-00426,Lakme Health Foods - New Arrival,Grocery & Gourmet,Health Foods,3.5,3053,₹465,₹676
PRD-00427,Pidilite Health Foods - Everyday Essential,Grocery & Gourmet,Health Foods,4.1,3975,₹859,₹1098
PRD-00428,Havells Health Foods - Multi-Color Pack,Grocery & Gourmet,Health Foods,4.6,1819,₹973,₹1169
PRD-00429,Decathlon Health Foods - Heavy Duty,Grocery & Gourmet,Health Foods,3.9,4879,₹1152,₹1250
PRD-00430,Allen Solly Health Foods - Everyday Essential,Grocery & Gourmet,Health Foods,4.6,2216,₹48,₹56
PRD-00431,Bosch Organic Products - Classic Fit,Grocery & Gourmet,Organic Products,3.8,2290,₹812,₹1144
PRD-00432,Pidilite Organic Products - Combo Pack,Grocery & Gourmet,Organic Products,4.1,2827,₹491,₹602
PRD-00433,American Tourister Organic Products - Compact Design,Grocery & Gourmet,Organic Products,3.6,4140,₹627,₹925
PRD-00434,Michelin Organic Products - Premium Edition,Grocery & Gourmet,Organic Products,3.4,617,₹238,₹268
PRD-00435,Chicco Organic Products - Multi-Color Pack,Grocery & Gourmet,Organic Products,3.9,3018,₹665,₹736
PRD-00436,Nivea Organic Products - Limited Edition,Grocery & Gourmet,Organic Products,5.0,1915,₹736,₹862
PRD-00437,Lakme Organic Products - Value Pack,Grocery & Gourmet,Organic Products,5.0,1534,₹270,₹317
PRD-00438,LuvLap Organic Products - Heavy Duty,Grocery & Gourmet,Organic Products,4.4,2405,₹268,₹295
PRD-00439,Philips Organic Products - Limited Edition,Grocery & Gourmet,Organic Products,3.8,231,₹867,₹978
PRD-00440,Parker Organic Products - Slim Design,Grocery & Gourmet,Organic Products,4.1,2995,₹220,₹313
PRD-00441,Milton Breakfast Foods - Classic Fit,Grocery & Gourmet,Breakfast Foods,4.8,1826,₹914,₹1298
PRD-00442,Classmate Breakfast Foods - Classic Fit,Grocery & Gourmet,Breakfast Foods,3.2,985,₹143,₹204
PRD-00443,Britannia Breakfast Foods - Pro Series,Grocery & Gourmet,Breakfast Foods,3.9,1103,₹502,₹594
PRD-00444,Yonex Breakfast Foods - Eco-Friendly,Grocery & Gourmet,Breakfast Foods,3.9,935,₹223,₹321
PRD-00445,Tata Breakfast Foods - Pro Series,Grocery & Gourmet,Breakfast Foods,3.7,940,₹703,₹941
PRD-00446,Parker Breakfast Foods - New Arrival,Grocery & Gourmet,Breakfast Foods,3.5,3835,₹348,₹502
PRD-00447,Yonex Breakfast Foods - New Arrival,Grocery & Gourmet,Breakfast Foods,3.4,4633,₹389,₹564
PRD-00448,Britannia Breakfast Foods - Limited Edition,Grocery & Gourmet,Breakfast Foods,4.9,464,₹751,₹997
PRD-00449,Titan Breakfast Foods - Travel Size,Grocery & Gourmet,Breakfast Foods,4.3,2262,₹314,₹441
PRD-00450,Tata Breakfast Foods - Eco-Friendly,Grocery & Gourmet,Breakfast Foods,3.3,1382,₹1256,₹1323
PRD-00451,Michelin Car Accessories - Value Pack,Automotive,Car Accessories,3.3,3922,₹2387,₹2858
PRD-00452,Mamaearth Car Accessories - Premium Edition,Automotive,Car Accessories,3.1,1755,₹394,₹479
PRD-00453,WOW Car Accessories - Limited Edition,Automotive,Car Accessories,4.7,2336,₹2880,₹4377
PRD-00454,Mamaearth Car Accessories - Slim Design,Automotive,Car Accessories,4.1,4733,₹5874,₹7693
PRD-00455,Nivea Car Accessories - New Arrival,Automotive,Car Accessories,4.4,2728,₹6737,₹7354
PRD-00456,Pidilite Car Accessories - Premium Edition,Automotive,Car Accessories,4.1,4921,₹453,₹484
PRD-00457,Britannia Car Accessories - Limited Edition,Automotive,Car Accessories,3.1,72,₹1875,₹2580
PRD-00458,Parker Car Accessories - Family Pack,Automotive,Car Accessories,4.2,4013,₹5139,₹6856
PRD-00459,American Tourister Car Accessories - Slim Design,Automotive,Car Accessories,3.1,783,₹913,₹1284
PRD-00460,Lakme Car Accessories - New Arrival,Automotive,Car Accessories,4.7,1991,₹799,₹859
PRD-00461,Tata Car Care - Classic Fit,Automotive,Car Care,3.1,1063,₹1777,₹2243
PRD-00462,Titan Car Care - Combo Pack,Automotive,Car Care,3.1,347,₹614,₹926
PRD-00463,Pidilite Car Care - Multi-Color Pack,Automotive,Car Care,4.5,1901,₹5557,₹6780
PRD-00464,Nivea Car Care - Everyday Essential,Automotive,Car Care,4.2,1578,₹4178,₹5114
PRD-00465,Mamaearth Car Care - Limited Edition,Automotive,Car Care,4.4,2400,₹2986,₹3939
PRD-00466,Parker Car Care - Pro Series,Automotive,Car Care,4.9,198,₹4086,₹5724
PRD-00467,Cosco Car Care - Combo Pack,Automotive,Car Care,4.0,1115,₹1884,₹2593
PRD-00468,Michelin Car Care - Eco-Friendly,Automotive,Car Care,3.7,4880,₹2149,₹2460
PRD-00469,Noise Car Care - Everyday Essential,Automotive,Car Care,3.6,4541,₹4155,₹4577
PRD-00470,Hot Wheels Car Care - Slim Design,Automotive,Car Care,3.9,1460,₹2288,₹2999
PRD-00471,Mamaearth Bike Accessories - Family Pack,Automotive,Bike Accessories,3.0,1330,₹4775,₹6007
PRD-00472,Havells Bike Accessories - Heavy Duty,Automotive,Bike Accessories,3.7,345,₹4310,₹4698
PRD-00473,Milton Bike Accessories - Family Pack,Automotive,Bike Accessories,4.6,1817,₹5072,₹5867
PRD-00474,MRF Bike Accessories - Travel Size,Automotive,Bike Accessories,4.4,1522,₹3115,₹3311
PRD-00475,Nivea Bike Accessories - Heavy Duty,Automotive,Bike Accessories,3.3,3244,₹1043,₹1555
PRD-00476,Nivea Bike Accessories - Multi-Color Pack,Automotive,Bike Accessories,4.4,3344,₹3305,₹4878
PRD-00477,Tata Bike Accessories - Slim Design,Automotive,Bike Accessories,4.6,4620,₹4607,₹6944
PRD-00478,Decathlon Bike Accessories - Heavy Duty,Automotive,Bike Accessories,3.5,731,₹347,₹372
PRD-00479,Mamaearth Bike Accessories - Combo Pack,Automotive,Bike Accessories,3.8,2691,₹5471,₹5976
PRD-00480,MDH Bike Accessories - Combo Pack,Automotive,Bike Accessories,3.8,3813,₹6237,₹6827
PRD-00481,Allen Solly Tools - Everyday Essential,Automotive,Tools & Equipment,3.8,3873,₹2103,₹2901
PRD-00482,Cello Tools - Combo Pack,Automotive,Tools & Equipment,3.0,4310,₹1575,₹2041
PRD-00483,Milton Tools - Limited Edition,Automotive,Tools & Equipment,4.4,2719,₹5446,₹7917
PRD-00484,Bajaj Tools - Slim Design,Automotive,Tools & Equipment,5.0,4013,₹4204,₹5996
PRD-00485,Allen Solly Tools - Compact Design,Automotive,Tools & Equipment,4.2,1241,₹1995,₹2481
PRD-00486,LuvLap Tools - Limited Edition,Automotive,Tools & Equipment,3.1,2329,₹5389,₹7645
PRD-00487,Fastrack Tools - Pro Series,Automotive,Tools & Equipment,4.1,2026,₹2647,₹2857
PRD-00488,Funskool Tools - Multi-Color Pack,Automotive,Tools & Equipment,4.6,3248,₹2581,₹3634
PRD-00489,Wildcraft Tools - Limited Edition,Automotive,Tools & Equipment,4.8,2046,₹3067,₹3333
PRD-00490,MDH Tools - Multi-Color Pack,Automotive,Tools & Equipment,4.0,2985,₹3326,₹4199
PRD-00491,Wipro Tyres - Pro Series,Automotive,Tyres & Wheels,3.7,3224,₹4618,₹6763
PRD-00492,Nivea Tyres - Slim Design,Automotive,Tyres & Wheels,4.3,3059,₹2625,₹3472
PRD-00493,LuvLap Tyres - Heavy Duty,Automotive,Tyres & Wheels,3.2,580,₹3408,₹4420
PRD-00494,Boat Tyres - Family Pack,Automotive,Tyres & Wheels,4.2,4933,₹786,₹1128
PRD-00495,LuvLap Tyres - Pro Series,Automotive,Tyres & Wheels,4.0,1404,₹5395,₹5943
PRD-00496,Cosco Tyres - Heavy Duty,Automotive,Tyres & Wheels,3.8,1183,₹2543,₹3849
PRD-00497,Camlin Tyres - Everyday Essential,Automotive,Tyres & Wheels,4.5,915,₹3614,₹3833
PRD-00498,Funskool Tyres - Everyday Essential,Automotive,Tyres & Wheels,3.7,128,₹4774,₹6827
PRD-00499,Bosch Tyres - Compact Design,Automotive,Tyres & Wheels,5.0,2421,₹2741,₹3357
PRD-00500,Hot Wheels Tyres - Slim Design,Automotive,Tyres & Wheels,3.8,2161,₹2880,₹4353
